{
  "version": "0.3.0",
  "scope": "tree",
  "id": "7e6477bf-e15f-4728-80ec-6b6dc5c3ddf4",
  "title": "A behavior tree",
  "description": "",
  "root": "ffa659b3-96f6-4ddd-b5c2-356aea2edd46",
  "properties": {},
  "nodes": {
    "3d610132-54fd-4428-8e30-29c18f7a9c7c": {
      "id": "3d610132-54fd-4428-8e30-29c18f7a9c7c",
      "name": "Trig",
      "title": "Trig",
      "description": "",
      "properties": {},
      "display": {
        "x": 216,
        "y": -108
      }
    },
    "d8991a6a-1379-426c-8908-a41da30396d4": {
      "id": "d8991a6a-1379-426c-8908-a41da30396d4",
      "name": "Delay",
      "title": "Delay",
      "description": "",
      "properties": {},
      "display": {
        "x": 216,
        "y": 0
      }
    },
    "72bd6efb-fa8f-4f2e-878f-4e33d4328d79": {
      "id": "72bd6efb-fa8f-4f2e-878f-4e33d4328d79",
      "name": "Render",
      "title": "Render",
      "description": "",
      "properties": {},
      "display": {
        "x": 408,
        "y": 156
      }
    },
    "d51997d1-7210-4b13-8b43-2a0211f0bfb2": {
      "id": "d51997d1-7210-4b13-8b43-2a0211f0bfb2",
      "name": "Loop",
      "title": "Loop",
      "description": "",
      "properties": {},
      "display": {
        "x": 180,
        "y": 156
      },
      "child": "72bd6efb-fa8f-4f2e-878f-4e33d4328d79"
    },
    "2b83b8f3-f933-4c9b-898e-5e1e7361eb8c": {
      "id": "2b83b8f3-f933-4c9b-898e-5e1e7361eb8c",
      "name": "Loopframe",
      "title": "Loopframe",
      "description": "",
      "properties": {},
      "display": {
        "x": 168,
        "y": 264
      },
      "child": "d5823cca-d663-4da2-af87-e95d08f51cbf"
    },
    "d5823cca-d663-4da2-af87-e95d08f51cbf": {
      "id": "d5823cca-d663-4da2-af87-e95d08f51cbf",
      "name": "Pause",
      "title": "Pause",
      "description": "",
      "properties": {},
      "display": {
        "x": 396,
        "y": 264
      }
    },
    "760ab828-3207-4ea0-817d-e518c81bedb1": {
      "id": "760ab828-3207-4ea0-817d-e518c81bedb1",
      "name": "Invisible",
      "title": "Invisible",
      "description": "",
      "properties": {},
      "display": {
        "x": 192,
        "y": 372
      }
    },
    "e795ee6e-af1d-493e-8d71-46bddf2e80c1": {
      "id": "e795ee6e-af1d-493e-8d71-46bddf2e80c1",
      "name": "StartRender",
      "title": "StartRender",
      "description": "",
      "properties": {},
      "display": {
        "x": 204,
        "y": 72
      }
    },
    "b85d56ae-6a74-4ce9-96ce-298a73ffb80c": {
      "id": "b85d56ae-6a74-4ce9-96ce-298a73ffb80c",
      "name": "Priority",
      "title": "Priority",
      "description": "",
      "properties": {},
      "display": {
        "x": -204,
        "y": 252
      },
      "children": [
        "d51997d1-7210-4b13-8b43-2a0211f0bfb2",
        "2b83b8f3-f933-4c9b-898e-5e1e7361eb8c",
        "760ab828-3207-4ea0-817d-e518c81bedb1"
      ]
    },
    "ffa659b3-96f6-4ddd-b5c2-356aea2edd46": {
      "id": "ffa659b3-96f6-4ddd-b5c2-356aea2edd46",
      "name": "Sequence",
      "title": "Sequence",
      "description": "",
      "properties": {},
      "display": {
        "x": -336,
        "y": 84
      },
      "children": [
        "3d610132-54fd-4428-8e30-29c18f7a9c7c",
        "d8991a6a-1379-426c-8908-a41da30396d4",
        "e795ee6e-af1d-493e-8d71-46bddf2e80c1",
        "b85d56ae-6a74-4ce9-96ce-298a73ffb80c"
      ]
    }
  },
  "display": {
    "camera_x": 960,
    "camera_y": 394.7000000178814,
    "camera_z": 1,
    "x": -528,
    "y": 84
  },
  "custom_nodes": [
    {
      "version": "0.3.0",
      "scope": "node",
      "name": "Trig",
      "category": "action",
      "title": "Trig",
      "description": null,
      "properties": {}
    },
    {
      "version": "0.3.0",
      "scope": "node",
      "name": "Delay",
      "category": "action",
      "title": "Delay",
      "description": null,
      "properties": {}
    },
    {
      "version": "0.3.0",
      "scope": "node",
      "name": "LoopLimit",
      "category": "decorator",
      "title": "LoopLimit",
      "description": null,
      "properties": {}
    },
    {
      "version": "0.3.0",
      "scope": "node",
      "name": "LoopUnlimit",
      "category": "decorator",
      "title": "LoopUnlimit",
      "description": null,
      "properties": {}
    },
    {
      "version": "0.3.0",
      "scope": "node",
      "name": "Render",
      "category": "action",
      "title": "Render",
      "description": null,
      "properties": {}
    },
    {
      "version": "0.3.0",
      "scope": "node",
      "name": "Loop",
      "category": "decorator",
      "title": "Loop",
      "description": null,
      "properties": {}
    },
    {
      "version": "0.3.0",
      "scope": "node",
      "name": "Loopframe",
      "category": "decorator",
      "title": "Loopframe",
      "description": null,
      "properties": {}
    },
    {
      "version": "0.3.0",
      "scope": "node",
      "name": "Pause",
      "category": "action",
      "title": "Pause",
      "description": null,
      "properties": {}
    },
    {
      "version": "0.3.0",
      "scope": "node",
      "name": "Invisible",
      "category": "action",
      "title": "Invisible",
      "description": null,
      "properties": {}
    },
    {
      "version": "0.3.0",
      "scope": "node",
      "name": "StartRender",
      "category": "action",
      "title": "StartRender",
      "description": null,
      "properties": {}
    }
  ]
}